neighborhood,alone_hhld,bachelor_higher,bornstate,carfree,commutetime,disabled,disconnected,foreign,gross_rent_adj,hhu18,homeownership,housing_units,income_diversity_ratio,laborforcerate,medhhincome_adj,medhhincome_own_adj,medhhincome_rent_adj,nohsdiploma,park_share,pasian,pblack,phisp,pop65,population,population_density,pov65older,povrate,povunder18,prof_pct_ela,prof_pct_math,prop_rt,pwhite,rdindex,rent_pct_nycha,rentvacrate,serious_viol_rate,sevcrowd,subway_share,tot_rt,total_viol_rate,unemprate,viol_rt,volume_al
astoria,0.35911717,0.45515292,0.402935089,0.825572382,39.06142525,0.064606219,0.057682986,0.405161988,1530,0.187705225,0.171134849,83958,4.556451613,0.705857017,60410,69080,58470,0.142848504,0.541685848,0.167633788,0.063981208,0.265111519,0.134980348,171988,33.67691404,0.172353685,0.137989977,0.174346052,0.469178082,0.460636516,6.258339656,0.479021792,0.668059323,0.1050737,0.030799201,13.6800855,0.024917357,0.856223836,11.28698883,74.61702886,0.055604287,5.028649172,329
bay-ridge-dyker-heights,0.308003806,0.40417997,0.510311101,0.701905476,44.8427503,0.05763086,0.050389705,0.37879196,1440,0.275276051,0.429244761,52340,5.076923077,0.657843495,66570,88800,54050,0.187352921,0.629190611,0.240589542,0.016666106,0.159531666,0.150432645,118804,30.58805355,0.102024747,0.150406504,0.222020542,0.532830189,0.608277901,4.948148862,0.558398707,0.604579445,0,0.036878488,20.73651598,0.061370296,0.930327254,6.731410303,98.15518941,0.068094225,1.783261441,351
bayside-little-neck,0.25002976,0.41002275,0.541561241,0.416552067,46.44825808,0.052323444,0.025242718,0.400073266,1630,0.288931743,0.695117015,45963,4.411764706,0.605122699,79120,90090,57660,0.123815936,0.571226623,0.401027424,0.024245832,0.128692037,0.192842112,117381,12.59587939,0.086412503,0.076413866,0.09659733,0.727362205,0.830374753,5.969200642,0.410926811,0.653166661,0,0.034728795,7.407407407,0.011238498,0.355567855,6.999853991,46.27092846,0.027443279,1.030653348,649
bedford-stuyvesant,0.317624918,0.36143804,0.563395104,0.854159357,42.42086315,0.077484287,0.076411509,0.197258444,1290,0.273284173,0.248569344,58114,7.208053691,0.662984568,51440,85310,41800,0.169495851,0.905038989,0.054648974,0.490498324,0.169067102,0.095090969,148237,64.53504571,0.223040277,0.266738039,0.362319258,0.290190736,0.233287858,10.25590744,0.262168015,0.659109131,0.19034909,0.05334569,61.92306807,0.035844273,0.998168715,18.4462529,285.3985866,0.085269807,8.190345459,541
belmont-east-tremont,0.322454264,0.13381107,0.501848461,0.780558038,44.04312713,0.16083523,0.077759013,0.353204761,970,0.399039281,0.067948762,62272,5.137614679,0.568694836,25810,66070,23710,0.325056893,0.995573376,0.01052993,0.289710427,0.638617374,0.093813666,174740,39.97712194,0.333623856,0.363161683,0.469278152,0.206834532,0.217122683,8.550703752,0.04975392,0.505649386,0.037404552,0.032849187,136.6981717,0.055343734,0.7959583,17.85800067,624.651379,0.116321478,9.307296921,130
bensonhurst,0.215030565,0.30896825,0.400531078,0.693741184,46.00211576,0.065644661,0.035397091,0.552463759,1330,0.332958116,0.339024123,68644,5.206185567,0.621844498,51080,81000,41950,0.246662174,0.471898585,0.412250694,0.009470717,0.16623378,0.149657386,189426,51.12712551,0.222134558,0.151706546,0.184479068,0.573647563,0.600938967,3.956456993,0.395980488,0.645525454,0,0.029323973,21.6576618,0.045511575,0.972012868,5.99513136,110.2885389,0.060518854,2.038674367,491
borough-park,0.200740846,0.28918706,0.622452893,0.691763143,39.04507497,0.077080642,0.081425734,0.291206612,1440,0.444365294,0.336230232,45881,5.144385027,0.605828236,45800,83350,33280,0.220657451,0.48964869,0.14248595,0.023054546,0.109031405,0.118082645,151250,48.09220986,0.186221681,0.316975543,0.445214633,0.475486904,0.532594524,3.511302003,0.702333884,0.47400551,0,0.026926648,28.50518276,0.085209924,1,5.057946933,142.4168031,0.051411274,1.54664493,416
brownsville,0.426712699,0.16316708,0.567354867,0.761978835,45.70776489,0.10594051,0.124447252,0.309316238,970,0.277578149,0.189811879,48734,6.979166667,0.559206547,30210,80990,22080,0.260791906,0.860101868,0.012684893,0.717904758,0.218789327,0.123328895,109658,42.33899614,0.25754766,0.331917493,0.380292756,0.22533137,0.18540146,7.193412592,0.035255066,0.435340162,0.30973545,0.049129451,95.78765147,0.027548819,1,17.87944673,413.5235797,0.140154298,10.68603414,159
bushwick,0.27376386,0.29800055,0.450913816,0.844377629,39.79812193,0.07938112,0.079191238,0.317459406,1410,0.264205915,0.148399673,52009,6.821192053,0.67410819,48430,89790,40390,0.260960756,0.730160736,0.060191234,0.196136563,0.554075201,0.090950856,139306,55.06166008,0.381802177,0.286923623,0.435098963,0.267938238,0.287128713,8.141413783,0.174924267,0.620309636,0.041864563,0.04391281,101.0605115,0.046415336,1,14.08988405,389.3357849,0.073711214,5.948470267,302
central-harlem,0.443324115,0.37046663,0.519168984,0.898864549,38.38871478,0.101951731,0.096136405,0.252942775,990,0.242300359,0.117165089,65056,7.405555556,0.65049649,45640,92060,39390,0.168428825,0.871525922,0.048889446,0.52792239,0.267397046,0.105452062,143487,99.16171389,0.280480481,0.271841464,0.426041922,0.210031348,0.174578867,8.891922954,0.13258344,0.629828223,0.15708356,0.046548957,63.74305127,0.021259605,1,17.77520458,299.5429277,0.081233304,8.883281629,260
clinton-chelsea,0.591151007,0.78122498,0.335885973,0.906396041,26.17589114,0.062489988,0.037558685,0.309824809,2230,0.093174405,0.219238221,103852,7.434210526,0.756946266,101550,146530,92250,0.04280816,0.727452022,0.18282031,0.042753143,0.127418055,0.11623065,140247,45.63846404,0.182013902,0.126772347,0.045115485,0.671554252,0.658959538,18.52874231,0.611834834,0.574171678,0.037422866,0.049581673,20.40647583,0.02438232,1,23.26504916,81.90702982,0.033425389,4.736306843,511
coney-island,0.331079357,0.40205691,0.427550558,0.648483304,48.63497323,0.114339824,0.069673962,0.523470864,980,0.260589436,0.297057072,50618,6.231292517,0.544064071,39210,85180,27080,0.148429822,0.708735728,0.14520698,0.088021087,0.172062612,0.227973333,116847,34.33646782,0.321847593,0.219072545,0.286346397,0.433962264,0.438896189,4.804464988,0.551841297,0.637032862,0.21453346,0.033605392,36.1547827,0.042259829,0.82789092,8.755442183,216.1876026,0.095056529,3.950977196,212
crown-heights-prospect-heights,0.342415856,0.4167848,0.505215598,0.85376623,42.4589721,0.070176549,0.089943343,0.267316082,1360,0.246406571,0.182805107,60882,6.043956044,0.671890648,51890,116920,43540,0.150581828,0.737576132,0.041153515,0.561778497,0.121049352,0.11555183,134788,60.63337832,0.234164421,0.226957636,0.274252555,0.393939394,0.355289421,7.516845417,0.234828026,0.612914162,0.098284885,0.057037432,70.58297301,0.026778558,1,13.86048154,327.8365886,0.067791957,6.343636118,267
east-flatbush,0.29400004,0.27140775,0.425682161,0.710099632,45.93817426,0.06453111,0.097334245,0.517379679,1310,0.339304636,0.315112862,55389,4,0.6211368,51260,72770,41740,0.132757185,0.395743786,0.012909639,0.864548197,0.075065131,0.145187166,145860,47.37252355,0.148896532,0.149164143,0.204072549,0.362681745,0.244963739,5.867879319,0.026772247,0.246038229,0.0227057,0.036799904,98.0200256,0.039355159,0.687915053,12.41207843,444.1516726,0.071762298,6.544199109,349
east-harlem,0.36370991,0.3439601,0.573306325,0.887380981,34.2635613,0.132346308,0.084491069,0.23405,880,0.304651835,0.065953963,55045,7.363636364,0.521560819,34420,117600,31910,0.230280793,0.976132931,0.082656261,0.303219416,0.435138778,0.119877271,134279,58.02895419,0.317603531,0.322973937,0.470274717,0.345381526,0.322033898,7.534581905,0.158610058,0.686723021,0.35252094,0.03111407,62.63301915,0.03813734,0.989088324,16.12300952,312.5570082,0.072520621,8.588427612,154
east-new-york-starrett-city,0.292738414,0.14471158,0.527439992,0.69033774,48.24284121,0.130519117,0.109805978,0.365132582,1130,0.373646938,0.247550728,61865,5.583333333,0.54558446,37880,74990,30640,0.217266939,0.698682269,0.059601043,0.517276341,0.354222518,0.118368591,160769,27.22130037,0.28589771,0.290925724,0.409738251,0.292334096,0.244988864,8.545840259,0.048933563,0.601004817,0.1682685,0.064275486,93.47926385,0.049833395,0.77543319,17.15182399,384.6567899,0.080266371,8.605983728,504
elmhurst-corona,0.200602871,0.19373301,0.339477357,0.795692217,42.79603697,0.070526774,0.058312021,0.623127218,1390,0.392755664,0.28680849,47750,4.15,0.627679714,42220,54690,38770,0.26908507,0.627896058,0.341482074,0.054127381,0.522551305,0.127600643,141167,38.68648945,0.243003491,0.192911306,0.217316201,0.411994149,0.389838557,5.301336053,0.063527595,0.603364598,0,0.017931876,17.751128,0.099405167,0.912020674,8.308323387,89.37900736,0.044667222,3.006987335,301
financial-district,0.451267775,0.8014709,0.383599563,0.886307897,25.6330437,0.034581626,0.009830509,0.226531774,2530,0.182455853,0.280275117,87577,5.135714286,0.751978653,137210,210110,120130,0.04194736,0.960716364,0.139098113,0.018316505,0.056559324,0.116462605,152813,51.53895447,0.091016615,0.080094504,0.047528698,0.784883721,0.78425656,15.33339893,0.758345167,0.402029871,0,0.043694243,4.570738649,0.032173991,1,17.58011086,16.51502738,0.039233375,2.246711929,640
flatbush-midwood,0.295051204,0.33909883,0.478101699,0.773898454,43.68244821,0.073902044,0.114369502,0.418915781,1320,0.363376405,0.211677658,60496,6.851851852,0.638739082,50650,102210,44800,0.201555222,0.423237974,0.098789879,0.307315732,0.1831072,0.107224056,163620,56.28482972,0.179361886,0.21223302,0.27862252,0.464371497,0.422413793,5.502166011,0.38019802,0.71771882,0,0.024126621,76.21058694,0.074778372,0.980726036,8.564457501,390.0753467,0.064181511,3.06229149,267
flatlands-canarsie,0.211455085,0.32255217,0.549562451,0.535429216,47.98801643,0.063996847,0.056825939,0.395360684,1360,0.36120788,0.602251464,70723,4.410169492,0.640462491,75390,91570,49880,0.111698769,0.682176532,0.038526414,0.63904734,0.086697647,0.137137118,208091,15.16366684,0.090178445,0.091001916,0.114314866,0.4398017,0.388458832,6.489513958,0.218697589,0.534789095,0.15458362,0.036234304,32.9868388,0.07096573,0.19246766,9.997778271,145.1923883,0.067919583,3.508264313,832
flushing-whitestone,0.26205895,0.26583223,0.391655549,0.49632827,41.00202105,0.051196619,0.03101203,0.572430287,1510,0.280034284,0.463489834,95247,5.5,0.578381596,51050,70860,36500,0.252902263,0.596463819,0.561834998,0.019758891,0.170130641,0.178773631,245864,20.93172144,0.170116691,0.158729245,0.172916235,0.571898496,0.664402174,5.502235662,0.227589236,0.603209725,0.024660481,0.034983512,15.26201673,0.054782818,0.460673084,7.41851759,88.05226255,0.041949791,1.916281928,1160
fordham-university-heights,0.31150598,0.11452565,0.461133109,0.806531151,44.05935116,0.172470271,0.080524548,0.434178293,1120,0.387126506,0.027628928,48893,5.31,0.622322358,26620,72300,25560,0.343142578,0.953328192,0.012959331,0.265159309,0.703319395,0.08422455,135115,89.48013245,0.393506264,0.410585063,0.56945032,0.254027262,0.207185629,6.528861154,0.010154313,0.434761316,0.11619488,0.02674221,106.6219862,0.070415648,1,14.49297972,567.3368741,0.127352463,7.964118565,84
fort-greene-brooklyn-heights,0.364741591,0.6239389,0.453547109,0.886844397,34.77891395,0.068075253,0.058449549,0.196402657,1790,0.229201221,0.294815233,66909,6.811594203,0.697596593,86990,125630,76360,0.092657343,0.922114438,0.098047834,0.244906787,0.125041862,0.105687654,143328,46.11583012,0.189695058,0.155472754,0.166360754,0.504187605,0.476744186,13.04998143,0.48626228,0.678320816,0.12412356,0.024222406,15.15110595,0.031798949,0.984160457,18.81205015,75.08034677,0.062705532,5.762068723,464
greenpoint-williamsburg,0.309659736,0.47707645,0.51259009,0.882427593,33.53810391,0.071494853,0.037928519,0.216162442,1740,0.226827385,0.133304057,70240,7.02,0.689092969,69690,115950,61270,0.167161942,0.84511382,0.064251838,0.037977651,0.234958915,0.091698175,166361,40.50669589,0.260226745,0.20863907,0.349595263,0.486549708,0.436426117,10.38807971,0.644634259,0.52367038,0.11266552,0.021367846,23.95549293,0.036300175,0.978205673,13.98173131,126.58529,0.060821184,3.593651601,532
greenwich-village-soho,0.451267775,0.8014709,0.383599563,0.886307897,25.6330437,0.034581626,0.009830509,0.226531774,2530,0.182455853,0.280275117,87577,5.135714286,0.751978653,137210,210110,120130,0.04194736,0.963784736,0.139098113,0.018316505,0.056559324,0.116462605,152813,51.53895447,0.091016615,0.080094504,0.047528698,0.767605634,0.818181818,21.75168859,0.758345167,0.402029871,0,0.043694243,24.54065738,0.032173991,1,25.41770352,106.4594062,0.039233375,3.666014931,407
highbridge-concourse,0.283949633,0.13961406,0.431270787,0.794891113,43.66716895,0.128353112,0.081066723,0.451687687,1110,0.41845314,0.057379662,52541,4.933333333,0.605421499,31500,54850,30450,0.351847017,0.942047525,0.01825666,0.260032272,0.688708137,0.096249218,151835,76.49118388,0.336916549,0.348673394,0.457126897,0.258959538,0.250140213,7.163294433,0.0216485,0.457262356,0.035049409,0.026853294,117.228169,0.082331988,1,15.08457331,653.7014085,0.116032238,7.921278877,76
hillcrest-fresh-meadows,0.281183042,0.41164629,0.452572013,0.478795762,42.74645693,0.051288379,0.045318307,0.47152274,1520,0.307114733,0.442853219,59330,4.848,0.647154641,66640,88170,55010,0.131697626,0.57718594,0.322487433,0.118977817,0.202618668,0.151082082,166115,22.32428437,0.126054611,0.13405567,0.168925905,0.541530945,0.547694754,5.380293434,0.30167053,0.749786702,0.097110972,0.021317129,13.36561255,0.036817022,0.353066695,7.299463294,75.55353811,0.099105829,1.91916986,549
hunts-point-longwood,0.285313519,0.09880524,0.567702319,0.792356485,43.34637878,0.134603955,0.194706645,0.30936658,950,0.427572219,0.074569717,57275,5.979166667,0.53114762,27310,81560,25520,0.369325892,0.985959931,0.00880485,0.292701116,0.668254427,0.074504427,166272,34.23347746,0.372576291,0.369277987,0.469594669,0.181967213,0.224358974,10.83336523,0.018132939,0.467355749,0.032633319,0.027645915,98.87568262,0.040088608,0.997318189,21.66673047,493.6074526,0.105552784,10.83336523,60
jackson-heights,0.273431764,0.20556703,0.37457266,0.744351437,43.11900591,0.05773215,0.073540658,0.574579883,1470,0.368096908,0.365486581,59573,3.71,0.64890022,53080,71960,41780,0.277971197,0.58155825,0.171887038,0.042415014,0.661287799,0.129532213,166144,40.87183272,0.195839139,0.154956108,0.211111732,0.349797023,0.379106439,6.119737026,0.106178977,0.520080285,0,0.024374483,25.95498204,0.108650152,0.743331436,10.35692638,116.0642276,0.051310069,4.237189351,384
jamaica-hollis,0.230209959,0.22113006,0.499745171,0.554282451,48.84282808,0.087500791,0.049390152,0.419387587,1250,0.373482963,0.469138928,75907,3.901818182,0.664541722,60090,84360,41730,0.170351465,0.505814643,0.137994246,0.615014386,0.142901767,0.123267571,243300,26.26011873,0.124780498,0.11191534,0.156796732,0.361592506,0.307231691,6.595284151,0.018014797,0.581969446,0.08222153,0.027607034,51.67618761,0.051697128,0.563847911,12.87629637,223.5793746,0.09051634,6.281012221,1122
kew-gardens-woodhaven,0.210439401,0.26986909,0.414524602,0.662405413,47.77472173,0.05365589,0.057996904,0.526582325,1470,0.380576198,0.455691683,49286,4.8,0.650735239,66530,88450,49720,0.239477084,0.529728523,0.276140505,0.039306739,0.424384804,0.108925372,164094,34.51703828,0.137544175,0.133753866,0.174655568,0.484764543,0.524390244,4.68890641,0.179031531,0.710046651,0,0.038787639,21.79209529,0.034128849,0.985749825,7.793911399,108.1934669,0.055477334,3.105004989,545
kingsbridge-heights-bedford,0.260984832,0.13560276,0.439405611,0.812756018,43.51222113,0.088162776,0.084911332,0.477872411,1190,0.394519536,0.06375766,48352,4.846153846,0.670209245,34060,54550,32860,0.332652124,0.839221427,0.024938984,0.155825456,0.736175206,0.096955342,138899,88.41438574,0.279484718,0.310325497,0.431142818,0.291814947,0.300289855,6.806139885,0.062513049,0.429234659,0.005298826,0.023595824,96.25571191,0.066885991,1,14.27997071,491.0769091,0.107135803,7.473830823,108
lower-east-side-chinatown,0.50196372,0.43150793,0.374730062,0.870194444,32.77416667,0.078546753,0.040978039,0.363116462,1050,0.140442133,0.109666233,81611,8.077464789,0.573018873,41210,90180,37080,0.26552935,0.951998597,0.335111993,0.088721625,0.223834873,0.171316292,159296,91.18259874,0.365343387,0.25478824,0.254300542,0.492320819,0.596446701,10.15452268,0.331747188,0.719670179,0.23975927,0.033531532,29.26715551,0.033436133,0.890318297,14.69894719,137.5831815,0.055613495,4.544424506,137
midtown,0.591151007,0.78122498,0.335885973,0.906396041,26.17589114,0.062489988,0.037558685,0.309824809,2230,0.093174405,0.219238221,103852,7.434210526,0.756946266,101550,146530,92250,0.04280816,0.611248579,0.18282031,0.042753143,0.127418055,0.11623065,140247,45.63846404,0.182013902,0.126772347,0.045115485,0.514285714,0.857142857,82.9446713,0.611834834,0.574171678,0,0.049581673,6.582431717,0.02438232,1,94.32392158,46.56881289,0.033425389,11.37925029,475
morningside-heights-hamilton,0.355280197,0.44870258,0.40801949,0.903472687,37.22127619,0.076757151,0.038899988,0.317097328,1240,0.255391829,0.154342487,51246,8.306122449,0.597197457,49030,101010,40230,0.192635138,0.995842407,0.086129638,0.216494269,0.36851312,0.117424817,125195,74.12374186,0.264790512,0.275084849,0.364546795,0.239915074,0.263917526,6.134690951,0.287783058,0.727090909,0.10797298,0.041701299,100.4414017,0.033677794,1,10.95350884,463.7420052,0.073518837,4.818817892,93
morris-park-bronxdale,0.302005576,0.23751637,0.514474613,0.602954119,44.33025294,0.13379963,0.0440044,0.354355222,1270,0.325119165,0.286176815,47176,5.792682927,0.607126062,50810,77540,44050,0.22447939,0.728656077,0.079417806,0.211727325,0.450165287,0.151205148,124632,32.73758865,0.140289716,0.19599977,0.277161141,0.334721066,0.35483871,6.084852339,0.228159702,0.694158717,0.52501631,0.027230163,57.31683363,0.056111463,0.94319114,10.41225095,280.6914162,0.084890735,4.327398615,337
morrisania-crotona,0.322454264,0.13381107,0.501848461,0.780558038,44.04312713,0.16083523,0.077759013,0.353204761,970,0.399039281,0.067948762,62272,5.137614679,0.568694836,25810,66070,23710,0.325056893,0.976645306,0.01052993,0.289710427,0.638617374,0.093813666,174740,39.97712194,0.333623856,0.363161683,0.469278152,0.204290092,0.194331984,6.970737945,0.04975392,0.505649386,0.26469356,0.032849187,90.57834058,0.055343734,0.882133204,17.1008751,439.0946891,0.116321478,10.13013716,90
mott-haven-melrose,0.285313519,0.09880524,0.567702319,0.792356485,43.34637878,0.134603955,0.194706645,0.30936658,950,0.427572219,0.074569717,57275,5.979166667,0.53114762,27310,81560,25520,0.369325892,0.982933934,0.00880485,0.292701116,0.668254427,0.074504427,166272,34.23347746,0.372576291,0.369277987,0.469594669,0.232380952,0.202077432,11.49764473,0.018132939,0.467355749,0.39950523,0.027645915,85.58536466,0.040088608,1,25.11557756,401.5890922,0.105552784,13.61793283,87
park-slope-carroll-gardens,0.321912214,0.71623896,0.489619059,0.902942564,39.63562643,0.060976091,0.034383033,0.151402984,2030,0.31318516,0.366041873,51064,4.982222222,0.74156824,103870,146330,87610,0.08900245,0.801418833,0.056470217,0.098748323,0.143122791,0.094274913,114007,28.47327672,0.164825665,0.105800262,0.100159163,0.704545455,0.691401649,7.659322503,0.644056944,0.551766403,0.12380622,0.023411065,14.55389848,0.026219684,0.95656672,10.44800351,71.78833072,0.053580621,2.788681011,409
parkchester-soundview,0.249996059,0.15533161,0.515069344,0.686004417,48.44015056,0.122332777,0.075020442,0.350517491,1150,0.38456324,0.218718963,66637,5.013333333,0.601622525,37460,68940,33120,0.292180423,0.682583088,0.083688677,0.28296419,0.560525771,0.109827158,193240,43.45401394,0.223068763,0.280115076,0.370670845,0.283195592,0.273218143,6.552600727,0.029072656,0.597893113,0.40018412,0.021595657,94.28738926,0.054462361,0.777675821,13.01814299,446.7170401,0.095955762,6.465542258,494
queens-village,0.175395425,0.29237867,0.51065777,0.39983127,46.67744119,0.061185244,0.047623883,0.414520716,1510,0.352793429,0.72539203,63038,4.055944056,0.656365863,80550,93590,54030,0.123748424,0.512196393,0.146528579,0.549595402,0.129569534,0.159047081,214163,10.89555352,0.078769805,0.083300886,0.15376541,0.467207995,0.412935323,6.02885579,0.106587039,0.648325209,0.079515986,0.032955716,31.04160051,0.021713407,0.217505017,8.971700965,111.225786,0.065244993,2.942845175,976
rego-park-forest-hills,0.426625496,0.59453751,0.382744115,0.68610892,45.04280245,0.084938121,0.080968858,0.513058266,1570,0.186323751,0.463425121,56714,5.9248,0.619940451,70570,82280,61940,0.073443201,0.659971738,0.292902533,0.030833259,0.139479101,0.194844715,111730,40.08970219,0.169573508,0.131412591,0.13448667,0.639380531,0.633802817,4.246978112,0.503830663,0.63995766,0.022771806,0.023875927,13.94400944,0.032334495,0.902828984,5.165243649,79.64174622,0.044450788,0.918265538,267
ridgewood-maspeth,0.20310216,0.28843817,0.537206646,0.620834538,42.70496965,0.052626737,0.087994891,0.391028037,1490,0.33962969,0.431151535,67232,4.307142857,0.674389745,74710,86380,65680,0.138758166,0.483111323,0.080358256,0.014257529,0.366656282,0.110981308,192600,26.29710541,0.104484733,0.090931378,0.116294105,0.521416334,0.55518018,5.674094214,0.523831776,0.584502715,0,0.039359804,16.89994816,0.018933829,0.53992217,7.90826881,92.74235355,0.044258532,2.234174597,654
riverdale-fieldston,0.338298781,0.37552029,0.475405319,0.660442104,45.94894661,0.102219302,0.044362292,0.392430993,1310,0.284856967,0.321742018,44552,4.748201439,0.646707922,58300,97720,45770,0.189393066,0.784803293,0.04561613,0.121333762,0.504083039,0.174169843,108865,31.85049737,0.150354095,0.178226608,0.237578693,0.456521739,0.421052632,6.291101041,0.303926882,0.636726028,0.046211429,0.030658592,52.92506846,0.039828192,0.797619581,9.161415891,281.9019169,0.066051724,2.87031485,136
rockaway-broad-channel,0.304994198,0.27710017,0.664604611,0.466948978,52.33453832,0.171720436,0.071967702,0.259559903,1040,0.363155096,0.342486946,45418,6.468571429,0.592180092,44360,89270,31520,0.220269858,0.776471699,0.038954004,0.354778185,0.272882141,0.13626051,127381,11.25970123,0.200714629,0.228162198,0.308492989,0.294885745,0.245937161,6.262067526,0.299055589,0.708716117,0.20553282,0.047547056,35.46205113,0.031706349,0.787062869,11.87183635,194.8174674,0.089989834,5.609768825,452
sheepshead-bay,0.27542293,0.40501275,0.459787318,0.607453435,44.27709079,0.08121662,0.047828823,0.488645868,1300,0.283890098,0.459849511,62174,5.132743363,0.602057597,60150,78040,43850,0.161856364,0.562200681,0.165435142,0.038863769,0.112069779,0.186954854,159017,36.65675427,0.196635909,0.161769079,0.204452116,0.55840708,0.573630137,5.136235515,0.644578882,0.543079251,0.071396179,0.032195312,21.00206865,0.037956449,0.653234474,7.15314751,139.9670418,0.074643676,2.016911995,551
south-beach-willowbrook,0.236386243,0.34288548,0.650884011,0.335924819,42.23263563,0.075229735,0.018916734,0.276735637,1310,0.370669308,0.739378741,51861,4.5,0.562714134,82150,102070,35860,0.109786279,0.497611811,0.12182894,0.021895459,0.147512516,0.164366488,142815,7.204146489,0.127215421,0.119828471,0.144031856,0.505358615,0.483686786,4.636258267,0.679053321,0.501804944,0.10962836,0.053821239,6.663743972,0.018572469,0.321432931,6.310462641,37.00131521,0.052943085,1.674204374,1383
south-crown-heights-lefferts-gardens,0.32957132,0.34111886,0.430876411,0.808875088,41.02163678,0.055822673,0.071655041,0.411298944,1300,0.266881639,0.167109256,46293,4.8,0.655349491,50800,71540,47060,0.125589683,0.701026928,0.026607599,0.646889892,0.087804171,0.13640811,110382,64.6264637,0.176945364,0.182501772,0.23041887,0.35,0.285714286,6.959331091,0.221739052,0.523947725,0.008238046,0.039148843,90.69439433,0.046609442,0.962053915,13.10589359,441.2372487,0.079154486,6.146562497,152
south-ozone-park-howard-beach,0.189378388,0.22586495,0.483259736,0.462142135,49.2647356,0.125894472,0.047891876,0.445828595,1440,0.390231065,0.693220696,41453,4.442307692,0.620489352,72480,90310,43680,0.22615642,0.509011109,0.250749509,0.122469023,0.260437743,0.13315414,135422,22.07367563,0.134372227,0.138567428,0.16556244,0.499629355,0.528122717,6.838458773,0.205358066,0.812126269,0.012249356,0.022219184,26.3915547,0.027828276,0.500025542,10.4578581,110.4446577,0.088548437,3.619399327,663
st.-george-stapleton,0.261103497,0.2949631,0.634955386,0.434661105,43.78373306,0.081823871,0.073640253,0.269350589,1220,0.371520904,0.567534643,65652,6.470588235,0.563477586,65580,91590,28010,0.166902331,0.560117891,0.089937866,0.233270265,0.303841823,0.128584739,174943,12.45411832,0.150879131,0.209688842,0.332294326,0.336428181,0.340712743,5.092287034,0.351777436,0.721428946,0.11995498,0.089951599,50.76861737,0.034757856,0.225000386,9.359566672,253.0013733,0.04691443,4.267279638,1241
stuyvesant-town-turtle-bay,0.571641555,0.80019234,0.41157677,0.913569682,26.30562347,0.044648167,0.055265123,0.220569275,2530,0.122173259,0.322730031,94974,5.222222222,0.716577161,110400,125900,101740,0.040741673,0.829743248,0.158527082,0.024298324,0.072618693,0.177193579,141162,86.02193784,0.065006197,0.07110356,0.01811925,0.766323024,0.737541528,8.967039126,0.720788881,0.44946867,0.009126321,0.046181545,8.167574175,0.021643118,0.985220834,10.80247995,45.30132978,0.033180363,1.835440821,528
sunset-park,0.194533938,0.27627252,0.38879109,0.813865916,44.22890556,0.068274247,0.053314789,0.471301682,1400,0.395686764,0.263396673,48750,5.499199146,0.67044094,53270,88420,46770,0.427686864,0.762163522,0.330209707,0.031258576,0.393918299,0.099572286,149399,35.92185622,0.245292031,0.257567885,0.375687537,0.416879795,0.486587648,5.212706964,0.228087203,0.682789052,0,0.031599921,53.36357889,0.089720926,0.998825918,8.682563574,238.0722175,0.053102199,3.469856611,298
throgs-neck-co-op-city,0.339236166,0.25506496,0.656316465,0.465737592,41.39350092,0.111793462,0.056142115,0.20654037,1200,0.26975569,0.496131201,45659,5.709677419,0.577422743,59400,75590,42420,0.151849271,0.468776545,0.016521435,0.289739839,0.392915795,0.209744147,111431,11.87204347,0.123400705,0.146938019,0.25615808,0.43203372,0.393528184,6.304405608,0.287415531,0.678787358,0.1359182,0.019187317,30.13800359,0.010801012,0.308104113,8.920858529,154.8981991,0.083714696,2.616452921,416
tottenville-great-kills,0.191065923,0.34028776,0.800059397,0.242895569,46.39691433,0.06339862,0.051933702,0.15930417,1240,0.356670246,0.81813143,61878,3.589997524,0.608647959,90030,99980,46840,0.065218534,0.559744264,0.044490923,0.008543066,0.084324864,0.171632219,158257,6.459469388,0.10519907,0.058897696,0.055684092,0.603042877,0.583160801,2.315725084,0.848632288,0.270660131,0,0.038363821,3.487611713,0.024218406,0.478899264,3.077230368,23.25074475,0.052303956,0.761505284,1636
upper-east-side,0.465064974,0.80853722,0.477333747,0.829521419,32.54396938,0.041147183,0.020695145,0.236639513,2250,0.178374452,0.374792614,133836,6.086956522,0.719097248,116970,184050,101250,0.03111998,0.65935078,0.10555515,0.022816935,0.120787748,0.180905372,219004,108.5252726,0.117054469,0.065259073,0.02266688,0.760526316,0.745806452,7.507275373,0.727402239,0.4446338,0.030676179,0.046571411,14.20691961,0.018507127,0.879426442,8.562204438,69.43283748,0.033834368,1.054929065,734
upper-west-side,0.486724412,0.76949401,0.394264666,0.878237992,32.20822978,0.050530246,0.045412633,0.236205222,2160,0.139365885,0.351926906,121595,9.666666667,0.691499471,111270,176250,87190,0.03898483,0.968856926,0.104452958,0.053785912,0.130559602,0.219339075,189492,64.21280922,0.107077772,0.103973358,0.072338974,0.702453988,0.691607685,6.791528764,0.695696916,0.485156647,0.090372376,0.047561979,18.52091698,0.020693419,1,8.604197356,99.29089496,0.051767232,1.812668593,564
washington-heights-inwood,0.290794759,0.34288929,0.352426505,0.85080982,40.880134,0.099303404,0.072774597,0.487566961,1300,0.295428887,0.096200803,81198,5.555555556,0.666744925,52030,100980,50480,0.272426276,0.954004801,0.028673265,0.087925481,0.672967302,0.134491265,238759,80.03989273,0.263907025,0.222230723,0.322828858,0.287109375,0.282732448,5.804652142,0.19007451,0.502433645,0.035508495,0.01475566,103.6839332,0.051667212,1,10.27786549,492.7154344,0.090337661,4.473213346,111
williamsbridge-baychester,0.260975169,0.23599021,0.487593818,0.572886117,46.40771154,0.134662646,0.07716234,0.400574686,1250,0.355501134,0.383343036,52431,5.555555556,0.626373261,51380,75800,37610,0.193461287,0.557978097,0.044846739,0.704395087,0.184377302,0.134964928,150691,22.34776806,0.111820439,0.175810098,0.276824166,0.262984336,0.237121832,7.529013286,0.048689039,0.46545072,0.11062939,0.047155142,102.4218465,0.037766011,0.915792168,14.53289923,464.6689479,0.092382862,7.003885942,572
woodside-sunnyside,0.358559449,0.397895,0.335177179,0.807307641,36.56767569,0.031401888,0.037364581,0.556409142,1570,0.213192371,0.27565553,60726,4.066666667,0.708100738,62280,66010,61250,0.177812568,0.71711759,0.350976305,0.017316432,0.335000405,0.130156813,135767,22.73392498,0.103214306,0.1008795,0.143320269,0.514198783,0.550695825,6.713780919,0.271104171,0.690793032,0,0.026789161,12.90136108,0.053307949,0.985040905,8.851590106,69.0787745,0.035190971,2.137809187,303